{"cameraMode":{"drawMode":0,"name":"Shaded","section":"Shading Mode"},"sceneLighting":false,"audioPlay":false,"sceneViewState":{"showFog":true,"showMaterialUpdate":false,"showSkybox":true,"showFlares":true,"showImageEffects":true,"showParticleSystems":true},"in2DMode":false,"pivot":{"x":0.7644252777099609,"y":2.537172794342041,"z":3.7046375274658205},"rotation":{"x":-0.016253577545285226,"y":-0.7702344059944153,"z":0.01964542828500271,"w":-0.6372510194778442},"size":7.351100921630859,"orthographic":false}