{"cameraMode":{"drawMode":0,"name":"Shaded","section":"Shading Mode"},"sceneLighting":false,"audioPlay":false,"sceneViewState":{"showFog":true,"showMaterialUpdate":false,"showSkybox":true,"showFlares":true,"showImageEffects":true,"showParticleSystems":true},"in2DMode":false,"pivot":{"x":-0.8469395637512207,"y":2.5411598682403566,"z":0.2427206039428711},"rotation":{"x":-0.015206591226160527,"y":-0.9057784676551819,"z":0.03262236341834068,"w":-0.42222023010253909},"size":7.351100921630859,"orthographic":false}