{"cameraMode":{"drawMode":0,"name":"Shaded","section":"Shading Mode"},"sceneLighting":false,"audioPlay":false,"sceneViewState":{"showFog":true,"showMaterialUpdate":false,"showSkybox":true,"showFlares":true,"showImageEffects":true,"showParticleSystems":true},"in2DMode":false,"pivot":{"x":3.049999952316284,"y":0.9632580280303955,"z":0.0},"rotation":{"x":-0.031476713716983798,"y":0.03387467563152313,"z":-0.0010674032382667065,"w":-0.9989297389984131},"size":6.472010612487793,"orthographic":false}